title;link;published;redirect;redirectLink;articleImage;articleBody;keywords0;keywords1;keywords2;keywords3;keywords4;keywords5;summary
무너진 교권..피해자는 학생 그리고 사회 - 부산경남대표방송 KNN;https://news.google.com/rss/articles/CBMiKmh0dHBzOi8vbmV3cy5rbm4uY28ua3IvbmV3cy9hcnRpY2xlLzE0MzM5NNIBAA?oc=5;2023-07-25 11:59:47;True;https://news.knn.co.kr/news/article/143394;;;;;;;;;
'교권 침해' 3천 건‥역할 못하는 '교권보호위원회' 왜? - MBC뉴스;https://news.google.com/rss/articles/CBMiRWh0dHBzOi8vaW1uZXdzLmltYmMuY29tL3JlcGxheS8yMDIzL253ZGVzay9hcnRpY2xlLzY1MDc0ODdfMzYxOTkuaHRtbNIBRWh0dHBzOi8vaW1uZXdzLmltYmMuY29tL3JlcGxheS8yMDIzL253ZGVzay9hcnRpY2xlLzY1MDc0ODdfMzYyMDAuaHRtbA?oc=5;2023-07-25 11:04:27;True;https://imnews.imbc.com/replay/2023/nwdesk/article/6507487_36199.html;;;;;;;;;
[이슈대담] 보호받지 못한 교권…대책은? - KBS뉴스;https://news.google.com/rss/articles/CBMiL2h0dHBzOi8vbmV3cy5rYnMuY28ua3IvbmV3cy92aWV3LmRvP25jZD03NzMyNDY50gEA?oc=5;2023-07-25 10:20:00;True;https://news.kbs.co.kr/news/view.do?ncd=7732469;/resources/images/common/noimg_633_355.png;[이슈대담] 보호받지 못한 교권…대책은? 입력 2023.07.25 (19:20) 수정 2023.07.25 (20:03) 뉴스7(광주) 댓글 좋아요 공유하기 인쇄하기 글씨 크게보기 가 글씨 작게보기 고화질 표준화질 자동재생 키보드 컨트롤 안내 동영상영역 시작 동영상 시작 동영상영역 끝 동영상 고정 취소 이전기사 다음기사 고화질 표준화질 자동재생 키보드 컨트롤 안내 동영상영역 시작 동영상 시작 동영상영역 끝 동영상설명 동영상 고정 취소 [앵커] 서울 한 초등학교 교사의 안타까운 사망을 두고 관계기관의 조사가 진행 중인 가운데 이번 사건을 계기로 교사들의 교권 침해에 대한 심각성이 수면 위로 떠올랐습니다. 일선 학교에서 느끼는 교사들의 어려움이 어느 정도인지 오늘 이 시간 광주 교사노조 윤정현 위원장 모시고 자세한 이야기 나눠보겠습니다. 어서 오십시오. 위원장님도 현재 초등학교 교사이신 걸로 저희가 확인을 했고요. 이번 사건 접하시면서 마음이 착잡하셨을 것 같은데 어떻습니까? [답변] 제가 교직 경력이 지금 22년 차에 접어들고 있는데요. 이번 사건이 터지면서 굉장히 참담하고 착잡한 심정을 느끼고 있습니다. [앵커] 어쨌든 현재 많은 교사들이 이번 사건에 공분하고 있는 것 같습니다. 그만큼 교권 침해 사례가 현장에서 빈번해 왔다, 이 방증일텐데 구체적인 사례들 어떤 것들이 있을까요? [답변] 사실 광주에서도 저희 주변에서 알려지지 않았지만 알려지지만 않았을 뿐 실질적으로 폭행을 당하고 있는 선생님들이 계십니다. 바로 옆에 있는 제가 근무하고 있는 학교의 옆에 있는 학교에서도 일어나고 있고요. 제가 지금 상담하고 있는 선생님도 맞아서 지금 병가에 들어가 있는 상황입니다. [앵커] 궁금한 게 이렇게 교권 침해 피해를 입었다면 현재는 그러면 선생님들이라든지 어떻게 이렇게 사실 대처를 하거나 해결이 되는 건가요? [답변] 사실 선생님들께서 학생들이 뭐 기분이 나빠서 이렇게 내뱉는 욕설이라든가 반항 또는 지시 불이행 같은 것을 제도적으로 이렇게 제한할 수 있는 방법이 없습니다. 그래서 지도에 초점을 맞추다 보니까 참고 넘어가는 경우가 많습니다. 이 아이를 어떻게 해서든지 가르쳐서 바꿔야겠다라는 생각을 우선 하시지 이게 나한테 피해가 되었으니까 학생을 뭐 어떤 교권보호위원회에 제소를 해서 아이를 학교를 조금 쉬게 한다든지 이런 방법을 먼저 고안하지는 않는 것 같습니다. [앵커] 일선 학교에서 가장 어려운 점 학생들을 제지하면 요즘 오히려 아동 학대 이렇게 신고당할 수 있다. 이런 이야기들이 있습니다. 실제로 그런가요? [답변] 예를 들어서 선생님이 학생들의 싸움을 말렸는데 학생을 제지하는 과정에서 팔에서 상처가 났는데 아이의 팔에 상처가 났다 해서 아동학대로 고소를 한다든지 수업시간에 말을 듣지 않고 친구를 괴롭히는 행동을 반복해서 뒤로 나가서 서 있게 했는데 그걸 정서학대로 고발을 한다든지 실질적으로 반성문을 쓰게 했는데 정서학대로 결론이 난 판례도 있거든요. 이런 것들이 선생님들한테는 어려운 일로 교육하기 어려운 일로 다가오는 것입니다. [앵커] 이처럼 교권 침해가 심각해진 이유 중에 하나로 사실 그동안에 학생들의 인권만 너무 이렇게 강조된 것 아니냐 이런 지적들이 있는 것 같고요. 그렇다 보니까 학생 인권조례 개정 이런 것들도 추진이 되고 있는 것 같습니다. 현재 선생님들 사이에서는 이거에 대한 의견도 분분한 것 같은데 어떻습니까? [답변] 학생인권조례의 일부 조항이 학생을 처벌할 때 처벌 조항에서 학생의 동의를 구해야 하고 절차를 따라야 하고 이런 복잡한 것들이 있기 때문에 그런 것들이 학생 처벌을 어렵게 했다라고 주장하시는 분들이 계시는데요. 사실 그런 것은 아니고요. 경기도로 시작해서 서울, 광주, 충남 이렇게 6개 시도가 학생인권조례를 가지고 있는데 그렇다면 그 6개 학생인권조례가 있는 시도 교육청에서 문제가 더 많이 발생을 해야 합니다. 사실 조사를 해보면 오늘도 뉴스에 나왔지만, 전국이 거의 대동소이하게 어려운 학생 교권 침해 사례가 증가하고 있다, 이렇게 보이고 있고요. 학생 인권조례가 제정이 되어서 그것과 관련이 있다라고 유의미하게 보기가 어려운 상황입니다. [앵커] 마지막으로 교권 보호를 위한 해법 여러 가지가 있겠습니다만 중요한 것들을 꼽아주신다면요? [답변] 우선 급한 것은요 민원 응대 시스템이 일원화돼야 한다. 이런 것들을 학교의 어떤 교무실이라든가 행정실 이런 쪽에 일원화시켜서 절차에 따라서 차분히 약속을 잡아서 민원을 넣을 수 있게 또 상담을 할 수 있게 해줘야 학부모님들도 감정적인 대응을 하지 않을 것이라는 그런 생각이 들고요. 그다음에 위기 학생 지원을 위한 시스템을 구축을 해야 할 필요가 있습니다. 지금 학교 현장에서 문제 행동을 일으키는 학생들은 사실 살펴보면 가정에서도 위기 학생인 경우가 많거든요. 근데 이 학생들을 저희들이 이렇게 이렇게 학부모님한테 치료도 받고 상담도 받아야 한다 하더라도 학부모님들께서 거절을 하면 더 이상 방법이 없거든요. 근데 이런 것들을 제도적으로 반드시 치료라든지 뭐 교육을 받고 돌아올 수 있게끔 해줘야지 일반 학생들의 피해가 줄어들 것 같고요. 그 다음에 아까도 말씀드렸듯이 학교폭력법이라든지 아동학대 처벌 특례법이라든지 아동복지법들을 시급히 개정을 해서 교사의 교육 활동이 아동학대로 몰리는 그런 상황들이 없어져야 한다라고 저는 판단을 합니다. [앵커] 말씀 잘 들었습니다. 지금까지 광주교사노조 윤정현 위원장이었습니다. 고맙습니다. [이슈대담] 보호받지 못한 교권…대책은? 입력 2023-07-25 19:20:27 수정 2023-07-25 20:03:54 뉴스7(광주) [앵커] 서울 한 초등학교 교사의 안타까운 사망을 두고 관계기관의 조사가 진행 중인 가운데 이번 사건을 계기로 교사들의 교권 침해에 대한 심각성이 수면 위로 떠올랐습니다. 일선 학교에서 느끼는 교사들의 어려움이 어느 정도인지 오늘 이 시간 광주 교사노조 윤정현 위원장 모시고 자세한 이야기 나눠보겠습니다. 어서 오십시오. 위원장님도 현재 초등학교 교사이신 걸로 저희가 확인을 했고요. 이번 사건 접하시면서 마음이 착잡하셨을 것 같은데 어떻습니까? [답변] 제가 교직 경력이 지금 22년 차에 접어들고 있는데요. 이번 사건이 터지면서 굉장히 참담하고 착잡한 심정을 느끼고 있습니다. [앵커] 어쨌든 현재 많은 교사들이 이번 사건에 공분하고 있는 것 같습니다. 그만큼 교권 침해 사례가 현장에서 빈번해 왔다, 이 방증일텐데 구체적인 사례들 어떤 것들이 있을까요? [답변] 사실 광주에서도 저희 주변에서 알려지지 않았지만 알려지지만 않았을 뿐 실질적으로 폭행을 당하고 있는 선생님들이 계십니다. 바로 옆에 있는 제가 근무하고 있는 학교의 옆에 있는 학교에서도 일어나고 있고요. 제가 지금 상담하고 있는 선생님도 맞아서 지금 병가에 들어가 있는 상황입니다. [앵커] 궁금한 게 이렇게 교권 침해 피해를 입었다면 현재는 그러면 선생님들이라든지 어떻게 이렇게 사실 대처를 하거나 해결이 되는 건가요? [답변] 사실 선생님들께서 학생들이 뭐 기분이 나빠서 이렇게 내뱉는 욕설이라든가 반항 또는 지시 불이행 같은 것을 제도적으로 이렇게 제한할 수 있는 방법이 없습니다. 그래서 지도에 초점을 맞추다 보니까 참고 넘어가는 경우가 많습니다. 이 아이를 어떻게 해서든지 가르쳐서 바꿔야겠다라는 생각을 우선 하시지 이게 나한테 피해가 되었으니까 학생을 뭐 어떤 교권보호위원회에 제소를 해서 아이를 학교를 조금 쉬게 한다든지 이런 방법을 먼저 고안하지는 않는 것 같습니다. [앵커] 일선 학교에서 가장 어려운 점 학생들을 제지하면 요즘 오히려 아동 학대 이렇게 신고당할 수 있다. 이런 이야기들이 있습니다. 실제로 그런가요? [답변] 예를 들어서 선생님이 학생들의 싸움을 말렸는데 학생을 제지하는 과정에서 팔에서 상처가 났는데 아이의 팔에 상처가 났다 해서 아동학대로 고소를 한다든지 수업시간에 말을 듣지 않고 친구를 괴롭히는 행동을 반복해서 뒤로 나가서 서 있게 했는데 그걸 정서학대로 고발을 한다든지 실질적으로 반성문을 쓰게 했는데 정서학대로 결론이 난 판례도 있거든요. 이런 것들이 선생님들한테는 어려운 일로 교육하기 어려운 일로 다가오는 것입니다. [앵커] 이처럼 교권 침해가 심각해진 이유 중에 하나로 사실 그동안에 학생들의 인권만 너무 이렇게 강조된 것 아니냐 이런 지적들이 있는 것 같고요. 그렇다 보니까 학생 인권조례 개정 이런 것들도 추진이 되고 있는 것 같습니다. 현재 선생님들 사이에서는 이거에 대한 의견도 분분한 것 같은데 어떻습니까? [답변] 학생인권조례의 일부 조항이 학생을 처벌할 때 처벌 조항에서 학생의 동의를 구해야 하고 절차를 따라야 하고 이런 복잡한 것들이 있기 때문에 그런 것들이 학생 처벌을 어렵게 했다라고 주장하시는 분들이 계시는데요. 사실 그런 것은 아니고요. 경기도로 시작해서 서울, 광주, 충남 이렇게 6개 시도가 학생인권조례를 가지고 있는데 그렇다면 그 6개 학생인권조례가 있는 시도 교육청에서 문제가 더 많이 발생을 해야 합니다. 사실 조사를 해보면 오늘도 뉴스에 나왔지만, 전국이 거의 대동소이하게 어려운 학생 교권 침해 사례가 증가하고 있다, 이렇게 보이고 있고요. 학생 인권조례가 제정이 되어서 그것과 관련이 있다라고 유의미하게 보기가 어려운 상황입니다. [앵커] 마지막으로 교권 보호를 위한 해법 여러 가지가 있겠습니다만 중요한 것들을 꼽아주신다면요? [답변] 우선 급한 것은요 민원 응대 시스템이 일원화돼야 한다. 이런 것들을 학교의 어떤 교무실이라든가 행정실 이런 쪽에 일원화시켜서 절차에 따라서 차분히 약속을 잡아서 민원을 넣을 수 있게 또 상담을 할 수 있게 해줘야 학부모님들도 감정적인 대응을 하지 않을 것이라는 그런 생각이 들고요. 그다음에 위기 학생 지원을 위한 시스템을 구축을 해야 할 필요가 있습니다. 지금 학교 현장에서 문제 행동을 일으키는 학생들은 사실 살펴보면 가정에서도 위기 학생인 경우가 많거든요. 근데 이 학생들을 저희들이 이렇게 이렇게 학부모님한테 치료도 받고 상담도 받아야 한다 하더라도 학부모님들께서 거절을 하면 더 이상 방법이 없거든요. 근데 이런 것들을 제도적으로 반드시 치료라든지 뭐 교육을 받고 돌아올 수 있게끔 해줘야지 일반 학생들의 피해가 줄어들 것 같고요. 그 다음에 아까도 말씀드렸듯이 학교폭력법이라든지 아동학대 처벌 특례법이라든지 아동복지법들을 시급히 개정을 해서 교사의 교육 활동이 아동학대로 몰리는 그런 상황들이 없어져야 한다라고 저는 판단을 합니다. [앵커] 말씀 잘 들었습니다. 지금까지 광주교사노조 윤정현 위원장이었습니다. 고맙습니다. ■ 제보하기 ▷ 카카오톡 : 'KBS제보' 검색, 채널 추가 ▷ 전화 : 02-781-1234, 4444 ▷ 이메일 : kbs1234@kbs.co.kr ▷ 유튜브, 네이버, 카카오에서도 KBS뉴스를 구독해주세요! 뉴스7(광주) 전체보기 기자 정보 KBS 지역국 KBS 지역국의 기사 모음 댓글 좋아요 공유하기;"['가요' '가운데' '가장' '가정' '가지' '감정' '강조' '개정' '거나' '거의' '거절' '건가' '검색' '결론'
 '경기도' '경력' '경우' '계기' '고발' '고소' '고안' '고정' '고화질' '공유' '과정' '관계' '관련' '광주'
 '교권' '교무' '교사' '교육' '교육청' '교직' '구독' '구체' '구축' '구해' '그것' '그다음' '그동안' '근무'
 '글씨' '기관' '기분' '기사' '기자' '네이버' '노조' '뉴스' '다라' '다음' '답변' '대담' '대응' '대책'
 '대처' '대한' '댓글' '동영상' '동의' '따라서' '때문' '마음' '마지막' '말씀' '먼저' '모시' '모음' '문제'
 '미하' '민원' '바로' '반드시' '반복' '반항' '발생' '방법' '방증' '병가' '보기' '보드' '보이' '보호'
 '부모님' '빈번' '사건' '사례' '사망' '사실' '사이' '상담' '상처' '상황' '생각' '서울' '선생님' '설명'
 '성문' '수면' '수업' '수정' '시간' '시도' '시스템' '시오' '시작' '신고' '실제' '실질' '심각' '심정'
 '싸움' '아동' '아동복지법' '아동학대' '아이' '안내' '앵커' '약속' '어려움' '어서' '어쨌든' '여러' '영역'
 '오늘' '오히려' '요즘' '욕설' '우선' '위기' '위로' '위원장' '위원회' '유의' '유튜브' '윤정현' '응대'
 '의견' '이메일' '이번' '이상' '이슈' '이야기' '이유' '이전' '이처럼' '이행' '인권' '인쇄' '일로' '일반'
 '일부' '일선' '일어나고' '일원화' '입력' '자동' '재생' '저희' '전국' '전체' '전화' '절차' '정도' '정보'
 '정서' '제도' '제보' '제소' '제정' '제지' '제한' '조금' '조례' '조사' '조항' '주변' '주장' '중인'
 '증가' '지금' '지도' '지시' '지역' '지원' '지적' '진행' '참고' '채널' '처벌' '초등학교' '초점' '추가'
 '추진' '충남' '취소' '치료' '친구' '침해' '카카오' '컨트롤' '크게' '특례법' '판단' '판례' '폭행' '표준'
 '피해' '필요' '하나로' '학교' '학교폭력' '학대' '학부모' '학생' '학생인권' '해결' '해법' '행동' '행정'
 '현장' '현재' '화질' '확인' '활동']";['경기도', '광주', '충남', '네이버', '윤정현'];['일선', '가지', '카카오', '서울', '윤정현'];['일선', '가지', '카카오', '서울', '윤정현'];['윤정현', '네이버', '충남', '광주', '경기도'];['윤정현', '반항', '수면', '교사', '지도'];
"""교직 전체가 울고 있다""…경남서 교권 보호 대책 촉구 한목소리 - 연합뉴스";https://news.google.com/rss/articles/CBMiL2h0dHBzOi8vd3d3LnluYS5jby5rci92aWV3L0FLUjIwMjMwNzI1MTQ0MjAwMDUy0gExaHR0cHM6Ly9tLnluYS5jby5rci9hbXAvdmlldy9BS1IyMDIzMDcyNTE0NDIwMDA1Mg?oc=5;2023-07-25 08:41:58;True;https://www.yna.co.kr/view/AKR20230725144200052;//img8.yna.co.kr/reporter/35383339393837.jpg;"김동민 기자 기자 페이지 기자회견 [촬영 김동민] (창원=연합뉴스) 김동민 기자= 교권 침해와 붕괴에 대한 우려가 커지는 가운데 경남에서 교권 회복을 위한 다양한 목소리가 나오고 있다. 경남교사노동조합은 25일 오후 경남 창원시 성산구 경남도교육청 정문 계단에서 기자회견을 열고 ""(서이초교 교사 사망, 교권 붕괴로) 교직 전체가 울고 있다""고 강조했다. 경남교사노조 이충수 위원장은 ""아이들만큼 교사 인권도 중요하다""며 ""교권이 존중받을 수 있도록 근본적인 대수술이 필요하다""고 거듭 강조했다. 광고 그는 ""현장 교사가 오직 교육에만 전념을 할 수 있는 세상이 아니다""며 ""학부모 넋두리는 물론 현장에서 발생하는 사소한 것까지 다 시빗거리가 되고 더 나아가 폭언 민원의 배출 창구가 되고 있다""고 토로했다. 노조는 교사가 교육에 전념할 수 있도록 교육 당국과 국회는 현장 목소리를 경청해달라고 말했다. 그러면서 교사가 자존감을 회복하고 사기가 올라가야 학생도 그만큼 건강하고 행복해진다고 여러 차례 강조했다. 현장에 나온 교사 3명은 자신이 교단에서 겪은 피해 사례를 언급하며 울먹이기도 했다. 경남 교총 [촬영 김동민] 앞서 이날 오후 경남교원단체총연합회 대회의실에서는 '경남교총 교권 보호 조례제정과 교권 확립을 위한 경남교총·도의회교육위원회·경남교총도민소통위 간담회'가 진행됐다. 이들은 서이초교 교사를 위한 묵념으로 간담회를 시작했다. 김광섭 경남교총 회장은 ""교육과 교사가 아프다""며 ""다시는 (서이초교 교사 사건이) 발생하며 안되며 재발 방지를 위해 노력해야 한다""고 강조했다. 전교조 경남지부는 오는 26일 경남도교육청에서 '교권 보호 대책 수립 촉구 기자회견'을 열고 교권 보호를 위한 대책 마련을 촉구할 예정이다. image@yna.co.kr 제보는 카카오톡 okjebo <저작권자(c) 연합뉴스, 무단 전재-재배포 금지> 2023/07/25 17:41 송고";"['가운데' '간담' '강조' '거듭' '거리' '경남' '경청' '계단' '광고' '교권' '교단' '교사' '교원단체' '교육'
 '교육청' '교직' '교총' '국회' '근본' '금지' '기도' '기자' '기자회견' '김광섭' '넋두리' '노동조합' '노력'
 '노조' '당국' '대수술' '대책' '대한' '도민' '도의' '동민' '마련' '목소리' '무단' '묵념' '민원' '발생'
 '방지' '배출' '배포' '보호' '붕괴' '사건' '사기' '사례' '사망' '성산구' '세상' '소통' '수립' '시작'
 '아이' '앞서' '언급' '여러' '연합' '연합뉴스' '예정' '오직' '오후' '우려' '위원장' '위원회' '위해' '인권'
 '자신' '자존감' '재발' '저작권' '전교조' '전념' '전체' '정문' '제보' '제정' '조례' '존중' '지부' '진행'
 '차례' '창구' '창원' '창원시' '초교' '촉구' '촬영' '충수' '침해' '카카오' '토로' '페이지' '폭언' '피해'
 '학부모' '학생' '현장' '확립' '회교' '회복' '회의실' '회장']";['기자회견', '창원시', '폭언', '김광섭', '민원'];['교직', '노동조합', '기자회견', '김광섭', '민원'];['교직', '노동조합', '기자회견', '김광섭', '민원'];['민원', '김광섭', '기자회견', '폭언', '노조'];['민원', '김광섭', '교사', '사기', '저작권'];서이초교 교권 붕괴에 대한 우려가 커지는 가운데 경남교사노동조합은 25일 오후 경남 창원시 성산구 경남도교육청 정문 계단에서 기자회견을 열고 교권이 존중받을 수 있도록 근본적인 대수술이 필요하다고 거듭 강조했다.
[단독] 국민의힘, 지난해 ‘학부모 부당간섭 금지’ 교권보호조례 반대 - 경향신문;https://news.google.com/rss/articles/CBMiLGh0dHBzOi8vbS5raGFuLmNvLmtyL2FydGljbGUvMjAyMzA3MjUxNzMxMDAx0gFKaHR0cHM6Ly9tLmtoYW4uY28ua3IvcG9saXRpY3MvcG9saXRpY3MtZ2VuZXJhbC9hcnRpY2xlLzIwMjMwNzI1MTczMTAwMS9hbXA?oc=5;2023-07-25 08:31:00;True;https://m.khan.co.kr/article/202307251731001;;;;;;;;;
[단독] 국민의힘, 지난해 '학부모 부당간섭 금지' 교권보호조례 반대 - 경향신문;https://news.google.com/rss/articles/CBMiSGh0dHBzOi8vd3d3LmtoYW4uY28ua3IvcG9saXRpY3MvcG9saXRpY3MtZ2VuZXJhbC9hcnRpY2xlLzIwMjMwNzI1MTczMTAwMdIBAA?oc=5;2023-07-25 08:31:00;True;https://www.khan.co.kr/politics/politics-general/article/202307251731001;;;;;;;;;
“애 낳아봤냐” “결혼은 방학 때”… 교권 침해, 교사 99%가 당했다 - 쿠키뉴스;https://news.google.com/rss/articles/CBMiMWh0dHBzOi8vd3d3Lmt1a2luZXdzLmNvbS9uZXdzVmlldy9rdWsyMDIzMDcyNTAxNTLSAQA?oc=5;2023-07-25 06:08:16;True;https://www.kukinews.com/newsView/kuk202307250152;;;;;;;;;
"임채성 서울교대 총장 ""'자녀 과잉보호' 교육문화, 교권 침해"" - 뉴스핌";https://news.google.com/rss/articles/CBMiMGh0dHBzOi8vd3d3Lm5ld3NwaW0uY29tL25ld3Mvdmlldy8yMDIzMDcyNTAwMDc4NNIBMWh0dHBzOi8vbS5uZXdzcGltLmNvbS9uZXdzYW1wL3ZpZXcvMjAyMzA3MjUwMDA3ODQ?oc=5;2023-07-25 05:52:00;True;https://www.newspim.com/news/view/20230725000784;;;;;;;;;
[이슈+] '교사 사망' 합동조사단 가동…'교권 침해' 고충 쏟아져 - 연합뉴스TV;https://news.google.com/rss/articles/CBMiNmh0dHBzOi8vbS55b25oYXBuZXdzdHYuY28ua3IvbmV3cy9NWUgyMDIzMDcyNTAxMTEwMDY0MdIBAA?oc=5;2023-07-25 05:42:34;True;https://m.yonhapnewstv.co.kr/news/MYH20230725011100641;;;;;;;;;
"국민의힘 ""교권침해 경험 99%…학생인권조례 개정 추진"" - 뉴시스";https://news.google.com/rss/articles/CBMiPmh0dHBzOi8vbW9iaWxlLm5ld3Npcy5jb20vdmlldy5odG1sP2lkPU5JU1gyMDIzMDcyNV8wMDAyMzg5NzI40gFFaHR0cHM6Ly9tb2JpbGUubmV3c2lzLmNvbS92aWV3X2FtcC5odG1sP2FyX2lkPU5JU1gyMDIzMDcyNV8wMDAyMzg5NzI4?oc=5;2023-07-25 05:39:04;True;https://mobile.newsis.com/view.html?id=NISX20230725_0002389728;//image.newsis.com/2023/07/24/NISI20230724_0019969852_web.jpg?rnd=20230724161751;"""합리적으로 개선하는 노력 필수"" [서울=뉴시스] 황준선 기자 = 24일 오후 서울 강남구 강남서초교육지원청에 마련된 교내에서 극단적 선택을 한 서이초등학교 교사의 추모공간을 찾은 한 시민이 조문하고 있다. 2023.07.24. hwang@newsis.com [서울=뉴시스] 하종민 기자 = 국민의힘은 25일 ""정상적인 교육과 교권 회복을 위해서 학생인권조례 개정은 추진되야 한다""고 밝혔다. 김온수 국민의힘 상근부대변인은 이날 오후 논평을 통해 ""과거 2012년 경기도에서 교원을 대상으로 실시한 설문조사에서 72%가 '학교 내 교권침해가 심각하다'고 응답했다. 오늘 전국 초등교사노동조합이 발표한 설문조사에서 '교권침해를 경험했다'는 응답이 99% 이상으로 나타났다""고 말했다. 김 부대변인은 ""10여년 동안 무너진 우리나라 교권의 현주소를 보여준다""며 ""추락하는 교권의 원인으로 2010년 포퓰리즘에 기댄 진보 성향 교육감들 주도 아래 도입된 학생인권조례가 꾸준히 거론되고 있다""고 꼬집었다. 그는 ""교육 현장에서는 교사들이 행복하게 교육을 제공하고 학생들이 건강하게 자라날 수 있는 환경을 조성하는 것은 매우 중요하다. 이러한 교육환경을 제공하기 위해서는 학생인권조례와 같은 제도들을 재정비하고 보다 합리적으로 개선하는 노력은 필수""라고 강조했다. 이어 ""참담한 서이초 사건을 계기로 밝혀지는 다수의 교사 폭행 사건과 학부모들의 악성 민원과 숨막힐 정도의 업무강도와 처우는 교사들로부터 생존이라는 구호를 외치게 했다""며 ""국민의힘과 윤석열 정부는 이번 사건에 대한 철저한 사건 조사와 규명은 물론, 무너진 교권과 교육을 다시 바로 세울 것""이라고 덧붙였다. ◎공감언론 뉴시스 hahaha@newsis.com";"['강남' '강남구' '강도' '강조' '개선' '개정' '거론' '경기도' '경험' '계기' '공간' '공감' '과거' '교권'
 '교내' '교사' '교원' '교육' '교육감' '교육지원청' '구호' '국민' '규명' '극단' '기자' '노동조합' '노력'
 '논평' '뉴시스' '다수' '다시' '대상' '대한' '도입' '동안' '등교' '로부터' '마련' '매우' '민원' '바로'
 '발표' '변인' '부대' '사건' '상근' '생존' '서울' '서초' '선택' '설문조사' '성향' '시민' '실시' '아래'
 '악성' '언론' '업무' '오늘' '오후' '온수' '외치' '우리나라' '원인' '위해' '윤석열' '응답' '이번' '이상'
 '이초' '재정' '전국' '정도' '정부' '정상' '제공' '제도' '조례' '조문' '조사' '조성하' '주도' '진보'
 '처우' '초등학교' '추락' '추모' '추진' '침해' '통해' '포퓰리즘' '폭행' '필수' '하종' '학교' '학부모'
 '학생' '학생인권' '합리' '현장' '현주소' '환경' '황준' '회복']";['포퓰리즘', '황준', '경기도', '서울', '강남'];['구호', '국민', '포퓰리즘', '서울', '강남'];['구호', '국민', '포퓰리즘', '서울', '강남'];['강남', '서울', '경기도', '황준', '포퓰리즘'];['강남', '민원', '교사', '생존', '학생인권'];국민온수 국민의힘 상근부대변인은 과거 2012년 경기도에서 교원을 대상으로 실시한 설문조사에서 72%가 '학교 내 교권침해가 심각하다'고 응답한것과 관련해 정상적인 교육과 교권 회복을 위해 학생인권조례 개정은 추진되어야 한다고 밝혔다.
[금융포커스] “교사 안전장치 턱없이 부족”… 교권 침해 보험 드는 선생님들 - 조선비즈 - 조선비즈;https://news.google.com/rss/articles/CBMiS2h0dHBzOi8vYml6LmNob3N1bi5jb20vc3RvY2svZmluYW5jZS8yMDIzLzA3LzI1L1BURE5OSDdUSkJFUzVMMkdQVlFLWE9PSzZVL9IBWmh0dHBzOi8vYml6LmNob3N1bi5jb20vc3RvY2svZmluYW5jZS8yMDIzLzA3LzI1L1BURE5OSDdUSkJFUzVMMkdQVlFLWE9PSzZVLz9vdXRwdXRUeXBlPWFtcA?oc=5;2023-07-25 04:36:00;True;https://biz.chosun.com/stock/finance/2023/07/25/PTDNNH7TJBES5L2GPVQKXOOK6U/;;;;;;;;;
"늘어나는 교권보호위 심의에도...""수치 미반영 사례 多"" [앵커리포트] - YTN";https://news.google.com/rss/articles/CBMiMWh0dHBzOi8vd3d3Lnl0bi5jby5rci9fbG4vMDEwM18yMDIzMDcyNTExNTQzNjQyMTDSAUNodHRwczovL20ueXRuLmNvLmtyL25ld3Nfdmlldy5hbXAucGhwP3BhcmFtPTAxMDNfMjAyMzA3MjUxMTU0MzY0MjEw?oc=5;2023-07-25 02:54:00;True;https://www.ytn.co.kr/_ln/0103_202307251154364210;;;;;;;;;
착한법, 교사 비극에 “교권보호 대책” 촉구 - 법률저널;https://news.google.com/rss/articles/CBMiN2h0dHA6Ly93d3cubGVjLmNvLmtyL25ld3MvYXJ0aWNsZVZpZXcuaHRtbD9pZHhubz03NDM3NzjSAQA?oc=5;2023-07-25 02:12:52;True;http://www.lec.co.kr/news/articleView.html?idxno=743778;;;;;;;;;
학생 인권 축소하면 추락된 교권이 살아나는가 - 오마이뉴스;https://news.google.com/rss/articles/CBMiRGh0dHBzOi8vd3d3Lm9obXluZXdzLmNvbS9OV1NfV2ViL3ZpZXcvYXRfcGcuYXNweD9DTlROX0NEPUEwMDAyOTQ3NDYx0gFCaHR0cHM6Ly9tLm9obXluZXdzLmNvbS9OV1NfV2ViL01vYmlsZS9hbXAuYXNweD9DTlROX0NEPUEwMDAyOTQ3NDYx?oc=5;2023-07-25 02:07:00;True;https://www.ohmynews.com/NWS_Web/view/at_pg.aspx?CNTN_CD=A0002947461;;;;;;;;;
늘어나는 교권침해…안심번호 쓰는 교사들 - KBS뉴스;https://news.google.com/rss/articles/CBMiL2h0dHBzOi8vbmV3cy5rYnMuY28ua3IvbmV3cy92aWV3LmRvP25jZD03NzMyMDc20gEA?oc=5;2023-07-25 01:38:00;True;https://news.kbs.co.kr/news/view.do?ncd=7732076;;;;;;;;;
9살에 맞아 교사 가슴뼈 다쳐도... 맞고소 우려, 교권보호위 엄두 못낸다 - 조선일보;https://news.google.com/rss/articles/CBMiV2h0dHBzOi8vd3d3LmNob3N1bi5jb20vbmF0aW9uYWwvbmF0aW9uYWxfZ2VuZXJhbC8yMDIzLzA3LzI1L0VORFNUUVRMWkZBWFhQTVdWNkFBV01aTzRJL9IBZmh0dHBzOi8vd3d3LmNob3N1bi5jb20vbmF0aW9uYWwvbmF0aW9uYWxfZ2VuZXJhbC8yMDIzLzA3LzI1L0VORFNUUVRMWkZBWFhQTVdWNkFBV01aTzRJLz9vdXRwdXRUeXBlPWFtcA?oc=5;2023-07-25 00:33:20;True;https://www.chosun.com/national/national_general/2023/07/25/ENDSTQTLZFAXXPMWV6AAWMZO4I/;;;;;;;;;
"[포토] 윤재옥 ""학생인권조례서 교권 침해·학습권 방해 조항 개정·폐지 ... - 아시아경제";https://news.google.com/rss/articles/CBMiM2h0dHBzOi8vd3d3LmFzaWFlLmNvLmtyL2FydGljbGUvMjAyMzA3MjUwOTU1Mzc2MzU3MtIBAA?oc=5;2023-07-25 00:25:00;True;https://www.asiae.co.kr/article/2023072509553763572;;;;;;;;;
이주호 “학생인권만 주장해 교권 침해” - 매일노동뉴스;https://news.google.com/rss/articles/CBMiP2h0dHBzOi8vd3d3LmxhYm9ydG9kYXkuY28ua3IvbmV3cy9hcnRpY2xlVmlldy5odG1sP2lkeG5vPTIxNjM4N9IBQWh0dHA6Ly93d3cubGFib3J0b2RheS5jby5rci9uZXdzL2FydGljbGVWaWV3QW1wLmh0bWw_aWR4bm89MjE2Mzg3?oc=5;2023-07-24 22:30:05;True;https://www.labortoday.co.kr/news/articleView.html?idxno=216387;;;;;;;;;
교권 침해 '상상 초월'‥허약한 방어막 - MBC뉴스;https://news.google.com/rss/articles/CBMiRmh0dHBzOi8vaW1uZXdzLmltYmMuY29tL3JlcGxheS8yMDIzL253dG9kYXkvYXJ0aWNsZS82NTA3MTkwXzM2MjA3Lmh0bWzSAUZodHRwczovL2ltbmV3cy5pbWJjLmNvbS9yZXBsYXkvMjAyMy9ud3RvZGF5L2FydGljbGUvNjUwNzE5MF8zNjIwOC5odG1s?oc=5;2023-07-24 22:23:18;True;https://imnews.imbc.com/replay/2023/nwtoday/article/6507190_36207.html;;;;;;;;;
조희연 교육감 “교권 추락이 학생인권조례 때문? 과도한 단순화” - 한겨레;https://news.google.com/rss/articles/CBMiQGh0dHBzOi8vd3d3LmhhbmkuY28ua3IvYXJ0aS9zb2NpZXR5L3NvY2lldHlfZ2VuZXJhbC8xMTAxNTY4Lmh0bWzSAQA?oc=5;2023-07-24 20:00:34;True;https://www.hani.co.kr/arti/society/society_general/1101568.html;;;;;;;;;
사건때마다 교사보호대책 내놔도…'교권 침해' 건수만 줄뿐 심각해져 - 한겨레;https://news.google.com/rss/articles/CBMiOmh0dHBzOi8vd3d3LmhhbmkuY28ua3IvYXJ0aS9zb2NpZXR5L3NjaG9vbGluZy8xMTAxNTY1Lmh0bWzSAQA?oc=5;2023-07-24 20:00:24;True;https://www.hani.co.kr/arti/society/schooling/1101565.html;;;;;;;;;
[심층] 교권보호위원회는 교사 추궁위원회? '2차 가해' 논란 ::::: 기사 - 대구MBC;https://news.google.com/rss/articles/CBMiJmh0dHA6Ly9kZ21iYy5jb20vYXJ0aWNsZS8wMkF2TVlfc0VNc3Va0gEA?oc=5;2023-07-24 15:03:10;True;https://dgmbc.com/article/02AvMY_sEMsuZ;;;;;;;;;
'을'이 돼버린 교사 인권 교권 보호 대책 마련하라 - 광주드림;https://news.google.com/rss/articles/CBMiOWh0dHA6Ly93d3cuZ2pkcmVhbS5jb20vbmV3cy9hcnRpY2xlVmlldy5odG1sP2lkeG5vPTYzMTEwOdIBAA?oc=5;2023-07-24 15:00:00;True;http://www.gjdream.com/news/articleView.html?idxno=631109;;;;;;;;;
‘금쪽이 훈육법’이 교권 추락 주범? 오은영에 쏟아진 화풀이 댓글들 - 조선일보;https://news.google.com/rss/articles/CBMiV2h0dHBzOi8vd3d3LmNob3N1bi5jb20vbmF0aW9uYWwvbmF0aW9uYWxfZ2VuZXJhbC8yMDIzLzA3LzI0L01ZWllDSVc2TVJDNTNJM1FOQjRaNkpOV1lJL9IBZmh0dHBzOi8vd3d3LmNob3N1bi5jb20vbmF0aW9uYWwvbmF0aW9uYWxfZ2VuZXJhbC8yMDIzLzA3LzI0L01ZWllDSVc2TVJDNTNJM1FOQjRaNkpOV1lJLz9vdXRwdXRUeXBlPWFtcA?oc=5;2023-07-24 13:43:00;True;https://www.chosun.com/national/national_general/2023/07/24/MYZYCIW6MRC53I3QNB4Z6JNWYI/;;;;;;;;;
교권강화 나선 교육당국…학생인권조례 놓고 파열음 - 연합뉴스TV;https://news.google.com/rss/articles/CBMiOGh0dHBzOi8vd3d3LnlvbmhhcG5ld3N0di5jby5rci9uZXdzL01ZSDIwMjMwNzI0MDIzMjAwNjQx0gEA?oc=5;2023-07-24 12:08:53;True;https://www.yonhapnewstv.co.kr/news/MYH20230724023200641;;;;;;;;;
땅에 떨어진 교권… 고연차·저연차 할 것 없이 학교 떠난다 - 충청투데이;https://news.google.com/rss/articles/CBMiPWh0dHBzOi8vd3d3LmNjdG9kYXkuY28ua3IvbmV3cy9hcnRpY2xlVmlldy5odG1sP2lkeG5vPTIxODE4MDjSAQA?oc=5;2023-07-24 10:57:52;True;https://www.cctoday.co.kr/news/articleView.html?idxno=2181808;;;;;;;;;
학생에 맞고 욕 듣고 법정行… 무너진 교권, 대책 나온다 - news.kmib.co.kr;https://news.google.com/rss/articles/CBMiTmh0dHA6Ly9uZXdzLmttaWIuY28ua3IvYXJ0aWNsZS92aWV3LmFzcD9hcmNpZD0wMDE4NDk2NTEzJmNvZGU9NjExMjExMTEmc2lkMT1vcNIBMmh0dHBzOi8vbS5rbWliLmNvLmtyL3ZpZXdfYW1wLmFzcD9hcmNpZD0wMDE4NDk2NTEz?oc=5;2023-07-24 09:37:00;True;http://news.kmib.co.kr/article/view.asp?arcid=0018496513&code=61121111&sid1=op;;;;;;;;;
"전북교육청 ""교권침해 막고 교육활동보호 앞장"" - 전북일보";https://news.google.com/rss/articles/CBMiKmh0dHBzOi8vd3d3LmpqYW4ua3IvYXJ0aWNsZS8yMDIzMDcyNDU4MDMxM9IBLWh0dHBzOi8vd3d3LmpqYW4ua3IvYXJ0aWNsZUFtcC8yMDIzMDcyNDU4MDMxMw?oc=5;2023-07-24 09:30:53;True;https://www.jjan.kr/article/20230724580313;;;;;;;;;
교권 침해, 오송 참사, 관저 풍수…진짜 해체해야 할 카르텔 [시종땡] - 한겨레;https://news.google.com/rss/articles/CBMiQmh0dHBzOi8vd3d3LmhhbmkuY28ua3IvYXJ0aS9wb2xpdGljcy9wb2xpdGljc19nZW5lcmFsLzExMDE0ODguaHRtbNIBAA?oc=5;2023-07-24 07:50:19;True;https://www.hani.co.kr/arti/politics/politics_general/1101488.html;;;;;;;;;
학생인권과 교권은 같이 가야한다 - 오마이뉴스;https://news.google.com/rss/articles/CBMiRGh0dHBzOi8vd3d3Lm9obXluZXdzLmNvbS9OV1NfV2ViL1ZpZXcvYXRfcGcuYXNweD9DTlROX0NEPUEwMDAyOTQ3Mjgz0gFCaHR0cHM6Ly9tLm9obXluZXdzLmNvbS9OV1NfV2ViL01vYmlsZS9hbXAuYXNweD9DTlROX0NEPUEwMDAyOTQ3Mjgz?oc=5;2023-07-24 07:25:00;True;https://www.ohmynews.com/NWS_Web/View/at_pg.aspx?CNTN_CD=A0002947283;;;;;;;;;
울산서도 ‘학부모 교권침해’ 지속 발생에 특단대책 요구 - 울산매일;https://news.google.com/rss/articles/CBMiOmh0dHBzOi8vd3d3Lml1c20uY28ua3IvbmV3cy9hcnRpY2xlVmlldy5odG1sP2lkeG5vPTEwMjAwNzPSAT1odHRwczovL3d3dy5pdXNtLmNvLmtyL25ld3MvYXJ0aWNsZVZpZXdBbXAuaHRtbD9pZHhubz0xMDIwMDcz?oc=5;2023-07-24 07:17:00;True;https://www.iusm.co.kr/news/articleView.html?idxno=1020073;;;;;;;;;
여야, 수해 복구 현장으로…'교권 보호법' 마련 속도 - 연합뉴스TV;https://news.google.com/rss/articles/CBMiOGh0dHBzOi8vd3d3LnlvbmhhcG5ld3N0di5jby5rci9uZXdzL01ZSDIwMjMwNzI0MDExNTAwNjQx0gEA?oc=5;2023-07-24 05:15:52;True;https://www.yonhapnewstv.co.kr/news/MYH20230724011500641;;;;;;;;;
학교폭력 원스톱 처리 및 교권 강화 대책 마련 - 대한경제;https://news.google.com/rss/articles/CBMiQWh0dHBzOi8vbS5kbmV3cy5jby5rci9tX2hvbWUvdmlldy5qc3A_aWR4bm89MjAyMzA3MjQxMzMxMjc1ODUwNDkx0gEA?oc=5;2023-07-24 04:45:03;True;https://m.dnews.co.kr/m_home/view.jsp?idxno=202307241331275850491;;;;;;;;;
교육부 “교권침해 학생부 기재, 아동학대 면책권 논의 중” - 경향신문;https://news.google.com/rss/articles/CBMiLGh0dHBzOi8vbS5raGFuLmNvLmtyL2FydGljbGUvMjAyMzA3MjQxMjE4MDAx0gFDaHR0cHM6Ly9tLmtoYW4uY28ua3IvbmF0aW9uYWwvZWR1Y2F0aW9uL2FydGljbGUvMjAyMzA3MjQxMjE4MDAxL2FtcA?oc=5;2023-07-24 03:18:00;True;https://m.khan.co.kr/article/202307241218001;;;;;;;;;
교권 침해, 어떻게 해결해야 할까? - 뉴닉;https://news.google.com/rss/articles/CBMiH2h0dHBzOi8vbmV3bmVlay5jby9wb3N0LzRPcGN5YS_SAQA?oc=5;2023-07-24 02:37:05;True;https://newneek.co/post/4Opcya/;;;;;;;;;
尹 “교권 강화 위한 교육부 고시 마련하고 자치조례 개정하라” - news.kmib.co.kr;https://news.google.com/rss/articles/CBMiUGh0dHBzOi8vbmV3cy5rbWliLmNvLmtyL2FydGljbGUvdmlldy5hc3A_YXJjaWQ9MDAxODQ5NDU3MSZjb2RlPTYxMTExMjExJnNpZDE9cG9s0gEyaHR0cHM6Ly9tLmttaWIuY28ua3Ivdmlld19hbXAuYXNwP2FyY2lkPTAwMTg0OTQ1NzE?oc=5;2023-07-24 02:22:00;True;https://news.kmib.co.kr/article/view.asp?arcid=0018494571&code=61111211&sid1=pol;;;;;;;;;
"[속보]尹대통령 ""교권 침해 '불합리 조례' 개정하라"" 지시 - 머니투데이";https://news.google.com/rss/articles/CBMiN2h0dHBzOi8vbmV3cy5tdC5jby5rci9tdHZpZXcucGhwP25vPTIwMjMwNzI0MTA1NDAwNTk1OTHSAT1odHRwczovL20ubXQuY28ua3IvcmVuZXcvdmlld19hbXAuaHRtbD9ubz0yMDIzMDcyNDEwNTQwMDU5NTkx?oc=5;2023-07-24 01:56:08;True;https://news.mt.co.kr/mtview.php?no=2023072410540059591;;;;;;;;;
"[속보] 尹대통령 ""교권침해 불합리한 조례 개정 추진"" - 연합뉴스";https://news.google.com/rss/articles/CBMiLWh0dHBzOi8vbS55bmEuY28ua3Ivdmlldy9BS1IyMDIzMDcyNDA2MTMwMDAwMdIBMWh0dHBzOi8vbS55bmEuY28ua3IvYW1wL3ZpZXcvQUtSMjAyMzA3MjQwNjEzMDAwMDE?oc=5;2023-07-24 01:53:42;True;https://m.yna.co.kr/view/AKR20230724061300001;;;;;;;;;
“교권 추락, 중장기적으로 학생·학부모에 불이익” - 대구신문;https://news.google.com/rss/articles/CBMiO2h0dHBzOi8vd3d3LmlkYWVndS5jby5rci9uZXdzL2FydGljbGVWaWV3Lmh0bWw_aWR4bm89NDI4MDk30gEA?oc=5;2023-07-23 12:30:32;True;https://www.idaegu.co.kr/news/articleView.html?idxno=428097;;;;;;;;;
“더는 못참아”…교사들 교권보호 한 목소리 - 경상매일신문;https://news.google.com/rss/articles/CBMiP2h0dHA6Ly93d3cua3NtbmV3cy5jby5rci9kZWZhdWx0L2luZGV4X3ZpZXdfcGFnZS5waHA_aWR4PTQzNjY4OdIBAA?oc=5;2023-07-23 12:04:06;True;http://www.ksmnews.co.kr/default/index_view_page.php?idx=436689;;;;;;;;;
학생인권조례 폐지 시동…현장선 “교권이랑 무슨 상관인가” - 경향신문;https://news.google.com/rss/articles/CBMiRmh0dHBzOi8vbS5raGFuLmNvLmtyL25hdGlvbmFsL25hdGlvbmFsLWdlbmVyYWwvYXJ0aWNsZS8yMDIzMDcyMzE4MzUwMDHSAUpodHRwczovL20ua2hhbi5jby5rci9uYXRpb25hbC9uYXRpb25hbC1nZW5lcmFsL2FydGljbGUvMjAyMzA3MjMxODM1MDAxL2FtcA?oc=5;2023-07-23 09:35:00;True;https://m.khan.co.kr/national/national-general/article/202307231835001;;;;;;;;;
호우 피해·교권 침해...국민들은 죽어가는데 정치권은 '네 탓 공방' - 한국일보;https://news.google.com/rss/articles/CBMiOGh0dHBzOi8vbS5oYW5rb29raWxiby5jb20vTmV3cy9SZWFkL0EyMDIzMDcyMzE0MjIwMDAxODE30gEA?oc=5;2023-07-23 09:00:54;True;https://m.hankookilbo.com/News/Read/A2023072314220001817;;;;;;;;;
당정, 26일 '교권보호' 대책 논의…교원 지위 회복안 마련도 - 한국경제;https://news.google.com/rss/articles/CBMiN2h0dHBzOi8vd3d3Lmhhbmt5dW5nLmNvbS9wb2xpdGljcy9hcnRpY2xlLzIwMjMwNzIzNTc5NVnSATNodHRwczovL3d3dy5oYW5reXVuZy5jb20vcG9saXRpY3MvYW1wLzIwMjMwNzIzNTc5NVk?oc=5;2023-07-23 07:31:15;True;https://www.hankyung.com/politics/article/202307235795Y;;;;;;;;;
교권 침해, 교사 혼자 끙끙? 해외는 이렇게 대응한다 - 경향신문;https://news.google.com/rss/articles/CBMiP2h0dHBzOi8vbS5raGFuLmNvLmtyL25hdGlvbmFsL2VkdWNhdGlvbi9hcnRpY2xlLzIwMjMwNzIzMTU0ODAwMdIBQ2h0dHBzOi8vbS5raGFuLmNvLmtyL25hdGlvbmFsL2VkdWNhdGlvbi9hcnRpY2xlLzIwMjMwNzIzMTU0ODAwMS9hbXA?oc=5;2023-07-23 06:48:00;True;https://m.khan.co.kr/national/education/article/202307231548001;;;;;;;;;
'교권침해 적극 대응'…광주시·경북도 교육청 교권보호 나서 - news.kmib.co.kr;https://news.google.com/rss/articles/CBMiT2h0dHA6Ly9uZXdzLmttaWIuY28ua3IvYXJ0aWNsZS92aWV3LmFzcD9hcmNpZD0wMDE4NDkyMTYwJmNvZGU9NjExMjExMTEmc2lkMT1rYW7SAQA?oc=5;2023-07-23 04:33:00;True;http://news.kmib.co.kr/article/view.asp?arcid=0018492160&code=61121111&sid1=kan;;;;;;;;;
"""교권침해로 교실붕괴""…'학생인권조례'로 번진 논란 - 연합뉴스TV";https://news.google.com/rss/articles/CBMiOGh0dHBzOi8vd3d3LnlvbmhhcG5ld3N0di5jby5rci9uZXdzL01ZSDIwMjMwNzIzMDAwMTAwNjQx0gEA?oc=5;2023-07-22 23:51:27;True;https://www.yonhapnewstv.co.kr/news/MYH20230723000100641;;;;;;;;;
"대구 학부모들 ""학교교육 믿고 지지, 선생님 의견 존중"" 선언...교권 회복 ... - 교육플러스";https://news.google.com/rss/articles/CBMiNmh0dHA6Ly93d3cuZWRwbC5jby5rci9uZXdzL2FydGljbGVWaWV3Lmh0bWw_aWR4bm89OTg2M9IBAA?oc=5;2023-07-21 07:00:00;True;http://www.edpl.co.kr/news/articleView.html?idxno=9863;;;;;;;;;
"김대중 전남교육감 ""교권보호 위해 강력한 제도적 방안 마련해야"" - KBC광주방송";https://news.google.com/rss/articles/CBMiMmh0dHA6Ly93d3cuaWtiYy5jby5rci9hcnRpY2xlL3ZpZXcva2JjMjAyMzA3MjEwMDM50gEA?oc=5;2023-07-21 06:07:07;True;http://www.ikbc.co.kr/article/view/kbc202307210039;;;;;;;;;
"국민의힘 ""교권 무너지면 학생인권도 없어‥법·제도 미비점 보완"" - MBC뉴스";https://news.google.com/rss/articles/CBMiRWh0dHBzOi8vaW1uZXdzLmltYmMuY29tL25ld3MvMjAyMy9wb2xpdGljcy9hcnRpY2xlLzY1MDYxMDhfMzYxMTkuaHRtbNIBRWh0dHBzOi8vaW1uZXdzLmltYmMuY29tL25ld3MvMjAyMy9wb2xpdGljcy9hcnRpY2xlLzY1MDYxMDhfMzYxMjAuaHRtbA?oc=5;2023-07-21 05:11:51;True;https://imnews.imbc.com/news/2023/politics/article/6506108_36119.html;;;;;;;;;
"이재명, 말로는 ""교권 보호""… 민주당, 행동은 '교권 강화법' 반대 - 뉴데일리";https://news.google.com/rss/articles/CBMiR2h0dHBzOi8vd3d3Lm5ld2RhaWx5LmNvLmtyL3NpdGUvZGF0YS9odG1sLzIwMjMvMDcvMjEvMjAyMzA3MjEwMDE0NS5odG1s0gEA?oc=5;2023-07-21 04:47:52;True;https://www.newdaily.co.kr/site/data/html/2023/07/21/2023072100145.html;;;;;;;;;
심야괴담회가 교권에 미치는 영향 - 브런치;https://news.google.com/rss/articles/CBMiH2h0dHBzOi8vYnJ1bmNoLmNvLmtyL0BAYk96Mi8yNTbSAQA?oc=5;2023-07-18 07:47:34;True;https://brunch.co.kr/@22f05bf0ccac447/256;;;;;;;;;
교권침해에 멍드는 교심…소송 지원액 역대 최대 - 서울경제 - 서울경제신문;https://news.google.com/rss/articles/CBMiK2h0dHBzOi8vd3d3LnNlZGFpbHkuY29tL05ld3NWaWV3LzI5UzNRMThSNVTSASxodHRwczovL20uc2VkYWlseS5jb20vTmV3c1ZpZXdBbXAvMjlTM1ExOFI1VA?oc=5;2023-07-12 07:00:00;True;https://www.sedaily.com/NewsView/29S3Q18R5T;;;;;;;;;
[사설]교권 회복 위한 실질적 조례 제정 시급 - 경남일보;https://news.google.com/rss/articles/CBMiO2h0dHBzOi8vd3d3LmdubmV3cy5jby5rci9uZXdzL2FydGljbGVWaWV3Lmh0bWw_aWR4bm89NTMxNjQ40gEA?oc=5;2023-07-11 07:57:00;True;https://www.gnnews.co.kr/news/articleView.html?idxno=531648;;;;;;;;;
땅에 떨어진 교권…초6 남학생이 담임교사에 '뜨밤 보내세요, 남자 잘 ... - 매일신문;https://news.google.com/rss/articles/CBMiNWh0dHBzOi8vbmV3cy5pbWFlaWwuY29tL3BhZ2Uvdmlldy8yMDIzMDcxMTA3MzU0MDI0MjQ20gEA?oc=5;2023-07-11 07:00:00;True;https://news.imaeil.com/page/view/2023071107354024246;;;;;;;;;
전북교육청, 교원안심서비스 시범학교 운영 '교권보호' - 쿠키뉴스;https://news.google.com/rss/articles/CBMiMWh0dHBzOi8vd3d3Lmt1a2luZXdzLmNvbS9uZXdzVmlldy9rdWsyMDIzMDcwMzAxODbSAQA?oc=5;2023-07-03 07:00:00;True;https://www.kukinews.com/newsView/kuk202307030186;;;;;;;;;
교권침해 받아도 교육청은 뒷짐만[민원폭탄에 신음하는 대한민국] - 문화일보;https://news.google.com/rss/articles/CBMiP2h0dHBzOi8vd3d3Lm11bmh3YS5jb20vbmV3cy92aWV3Lmh0bWw_bm89MjAyMzA2MjgwMTA3MDYyMTAyMDAwMtIBAA?oc=5;2023-06-28 07:00:00;True;https://www.munhwa.com/news/view.html?no=2023062801070621020002;;;;;;;;;
[자유기고] 아동학대와 교권, 무엇이 아동학대인가 - 법조신문;https://news.google.com/rss/articles/CBMiPWh0dHA6Ly9uZXdzLmtvcmVhbmJhci5vci5rci9uZXdzL2FydGljbGVWaWV3Lmh0bWw_aWR4bm89Mjc2OTDSAQA?oc=5;2023-06-26 07:00:00;True;http://news.koreanbar.or.kr/news/articleView.html?idxno=27690;;;;;;;;;
'학생 인권과 교권 함께'… 경기동부교권보호지원센터 개관 - 경기신문;https://news.google.com/rss/articles/CBMiNmh0dHBzOi8vd3d3LmtnbmV3cy5jby5rci9tb2JpbGUvYXJ0aWNsZS5odG1sP25vPTc1MjU3OdIBAA?oc=5;2023-06-20 07:00:00;True;https://www.kgnews.co.kr/mobile/article.html?no=752579;;;;;;;;;
날개 없이 추락하는 교권 - 한국일보;https://news.google.com/rss/articles/CBMiOmh0dHBzOi8vd3d3Lmhhbmtvb2tpbGJvLmNvbS9OZXdzL1JlYWQvQTIwMjMwNjE1MDU0MTAwMDU1MzjSAQA?oc=5;2023-06-15 07:00:00;True;https://www.hankookilbo.com/News/Read/A2023061505410005538;;;;;;;;;
[World Now] 중국도 교권 추락?‥여교사 머리채 잡고 폭행 - MBC뉴스;https://news.google.com/rss/articles/CBMiQmh0dHBzOi8vaW1uZXdzLmltYmMuY29tL25ld3MvMjAyMy93b3JsZC9hcnRpY2xlLzY0OTM0NjNfMzYxMzMuaHRtbNIBQmh0dHBzOi8vaW1uZXdzLmltYmMuY29tL25ld3MvMjAyMy93b3JsZC9hcnRpY2xlLzY0OTM0NjNfMzYxMzQuaHRtbA?oc=5;2023-06-14 07:00:00;True;https://imnews.imbc.com/news/2023/world/article/6493463_36133.html;;;;;;;;;
'교원평가 성희롱' 교권 침해, 수사의뢰 가능…퇴학 경고 문구도 제기 - 뉴스핌;https://news.google.com/rss/articles/CBMiMGh0dHBzOi8vd3d3Lm5ld3NwaW0uY29tL25ld3Mvdmlldy8yMDIzMDYxMjAwMDQ4NdIBMWh0dHBzOi8vbS5uZXdzcGltLmNvbS9uZXdzYW1wL3ZpZXcvMjAyMzA2MTIwMDA0ODU?oc=5;2023-06-12 07:00:00;True;https://www.newspim.com/news/view/20230612000485;;;;;;;;;
흔들리는 교권, 전북 교원단체 뿔났다 - 전북일보;https://news.google.com/rss/articles/CBMiKmh0dHBzOi8vd3d3LmpqYW4ua3IvYXJ0aWNsZS8yMDIzMDYwNTU4MDA1M9IBLWh0dHBzOi8vd3d3LmpqYW4ua3IvYXJ0aWNsZUFtcC8yMDIzMDYwNTU4MDA1Mw?oc=5;2023-06-05 07:00:00;True;https://www.jjan.kr/article/20230605580053;;;;;;;;;
"'교권침해-아동학대-학교폭력' 트라이앵글...""학교에 파고든 법화사회가 ... - 교육플러스";https://news.google.com/rss/articles/CBMiN2h0dHBzOi8vd3d3LmVkcGwuY28ua3IvbmV3cy9hcnRpY2xlVmlldy5odG1sP2lkeG5vPTkzODDSAQA?oc=5;2023-06-04 07:00:00;True;https://www.edpl.co.kr/news/articleView.html?idxno=9380;;;;;;;;;
[사설] 떠나는 교사들, 교권 확립 위한 대책 절실하다 - 울산매일;https://news.google.com/rss/articles/CBMiOmh0dHBzOi8vd3d3Lml1c20uY28ua3IvbmV3cy9hcnRpY2xlVmlldy5odG1sP2lkeG5vPTEwMTYxNzPSAT1odHRwczovL3d3dy5pdXNtLmNvLmtyL25ld3MvYXJ0aWNsZVZpZXdBbXAuaHRtbD9pZHhubz0xMDE2MTcz?oc=5;2023-05-30 07:00:00;True;https://www.iusm.co.kr/news/articleView.html?idxno=1016173;;;;;;;;;
[위기의 교권] ②늘어나는 교권침해 사건, 그간 어떤 입법 활동이 진행 ... - 교육플러스;https://news.google.com/rss/articles/CBMiN2h0dHBzOi8vd3d3LmVkcGwuY28ua3IvbmV3cy9hcnRpY2xlVmlldy5odG1sP2lkeG5vPTkyNzTSAQA?oc=5;2023-05-24 07:00:00;True;https://www.edpl.co.kr/news/articleView.html?idxno=9274;;;;;;;;;
존폐 논쟁 충남학생인권조례 '교권 추락' 근거 있나? - 디트뉴스24;https://news.google.com/rss/articles/CBMiO2h0dHBzOi8vd3d3LmR0bmV3czI0LmNvbS9uZXdzL2FydGljbGVWaWV3Lmh0bWw_aWR4bm89NzQ2MjUw0gEA?oc=5;2023-05-24 07:00:00;True;https://www.dtnews24.com/news/articleView.html?idxno=746250;;;;;;;;;
무너진 교권 회복, 교사의 역할과 위상 달라져야 - K스피릿;https://news.google.com/rss/articles/CBMiPmh0dHA6Ly93d3cuaWtvcmVhbnNwaXJpdC5jb20vbmV3cy9hcnRpY2xlVmlldy5odG1sP2lkeG5vPTcyMTM30gFBaHR0cDovL3d3dy5pa29yZWFuc3Bpcml0LmNvbS9uZXdzL2FydGljbGVWaWV3QW1wLmh0bWw_aWR4bm89NzIxMzc?oc=5;2023-05-22 07:00:00;True;http://www.ikoreanspirit.com/news/articleView.html?idxno=72137;;;;;;;;;
[캐나다] 온타리오주 교권침해 증가 < 국제 < 기사본문 - 교육플러스;https://news.google.com/rss/articles/CBMiN2h0dHBzOi8vd3d3LmVkcGwuY28ua3IvbmV3cy9hcnRpY2xlVmlldy5odG1sP2lkeG5vPTkyMDPSAQA?oc=5;2023-05-18 07:00:00;True;https://www.edpl.co.kr/news/articleView.html?idxno=9203;;;;;;;;;
[시론] 떨어지는 교권, 이제는 막아야 할 때 < 칼럼 < 지성의 전당 < 기사 ... - 한국대학신문;https://news.google.com/rss/articles/CBMiN2h0dHBzOi8vbmV3cy51bm4ubmV0L25ld3MvYXJ0aWNsZVZpZXcuaHRtbD9pZHhubz01NDY3NjbSAQA?oc=5;2023-05-16 07:00:00;True;https://news.unn.net/news/articleView.html?idxno=546766;;;;;;;;;
경기도교육청, 경기교권보호지원센터 6센터 확대 운영 外 - 퍼블릭뉴스;https://news.google.com/rss/articles/CBMiPGh0dHBzOi8vd3d3LnBzbmV3cy5jby5rci9uZXdzL2FydGljbGVWaWV3Lmh0bWw_aWR4bm89MjAyNDg5OdIBAA?oc=5;2023-05-16 07:00:00;True;https://www.psnews.co.kr/news/articleView.html?idxno=2024899;;;;;;;;;
"조희연 서울시교육감 ""교권 추락 위기 특단 대책 마련해야"" - 머니투데이";https://news.google.com/rss/articles/CBMiN2h0dHBzOi8vbmV3cy5tdC5jby5rci9tdHZpZXcucGhwP25vPTIwMjMwNTEyMTMwMDM5MTYzMTXSAT1odHRwczovL20ubXQuY28ua3IvcmVuZXcvdmlld19hbXAuaHRtbD9ubz0yMDIzMDUxMjEzMDAzOTE2MzE1?oc=5;2023-05-14 07:00:00;True;https://news.mt.co.kr/mtview.php?no=2023051213003916315;;;;;;;;;
"학생들 외침 ""학생인권과 교권은 제로섬 게임 아냐"" - 오마이뉴스";https://news.google.com/rss/articles/CBMiRGh0dHBzOi8vd3d3Lm9obXluZXdzLmNvbS9OV1NfV2ViL1ZpZXcvYXRfcGcuYXNweD9DTlROX0NEPUEwMDAyOTI3MTYx0gFCaHR0cHM6Ly9tLm9obXluZXdzLmNvbS9OV1NfV2ViL01vYmlsZS9hbXAuYXNweD9DTlROX0NEPUEwMDAyOTI3MTYx?oc=5;2023-05-13 07:00:00;True;https://www.ohmynews.com/NWS_Web/View/at_pg.aspx?CNTN_CD=A0002927161;;;;;;;;;
“스승의 은혜는 옛말”… 교권, 어디까지 추락하나 - 조선에듀;https://news.google.com/rss/articles/CBMiR2h0dHBzOi8vZWR1LmNob3N1bi5jb20vc2l0ZS9kYXRhL2h0bWxfZGlyLzIwMjMvMDUvMTAvMjAyMzA1MTAwMjE2My5odG1s0gEA?oc=5;2023-05-10 07:00:00;True;https://edu.chosun.com/site/data/html_dir/2023/05/10/2023051002163.html;;;;;;;;;
[에듀 포커스] 교권과 학생인권을 하나로, 첫발 뗀 전북교육인권조례 - 에듀프레스;https://news.google.com/rss/articles/CBMiOGh0dHA6Ly93d3cuZWR1cHJlc3Mua3IvbmV3cy9hcnRpY2xlVmlldy5odG1sP2lkeG5vPTEwMzMz0gEA?oc=5;2023-04-29 07:00:00;True;http://www.edupress.kr/news/articleView.html?idxno=10333;;;;;;;;;
[사설] 교권침해 문제, 교육의 기본문제로 접근해야 - 울산매일;https://news.google.com/rss/articles/CBMiOmh0dHBzOi8vd3d3Lml1c20uY28ua3IvbmV3cy9hcnRpY2xlVmlldy5odG1sP2lkeG5vPTEwMTQwMzjSAT1odHRwczovL3d3dy5pdXNtLmNvLmtyL25ld3MvYXJ0aWNsZVZpZXdBbXAuaHRtbD9pZHhubz0xMDE0MDM4?oc=5;2023-04-27 07:00:00;True;https://www.iusm.co.kr/news/articleView.html?idxno=1014038;;;;;;;;;
“수업방해·교권침해 학생 교실서 퇴실” ..교총, 생활지도권 강화 요구 - 에듀프레스;https://news.google.com/rss/articles/CBMiOGh0dHA6Ly93d3cuZWR1cHJlc3Mua3IvbmV3cy9hcnRpY2xlVmlldy5odG1sP2lkeG5vPTEwMzE10gEA?oc=5;2023-04-26 07:00:00;True;http://www.edupress.kr/news/articleView.html?idxno=10315;;;;;;;;;
"[그래?픽!]""저도 선생님 XX까요"" 교권 추락…학생인권 때문이라고? - 노컷뉴스";https://news.google.com/rss/articles/CBMiJmh0dHBzOi8vbS5ub2N1dG5ld3MuY28ua3IvbmV3cy81OTMxNjYw0gEA?oc=5;2023-04-24 07:00:00;True;https://m.nocutnews.co.kr/news/5931660;;;;;;;;;
싸움 말렸다고 선생님 '살해 협박'…심각한 교권침해 - 노컷뉴스;https://news.google.com/rss/articles/CBMiKGh0dHBzOi8vd3d3Lm5vY3V0bmV3cy5jby5rci9uZXdzLzU5MzE4OTfSASpodHRwczovL20ubm9jdXRuZXdzLmNvLmtyL25ld3MvYW1wLzU5MzE4OTc?oc=5;2023-04-21 07:00:00;True;https://www.nocutnews.co.kr/news/5931897;;;;;;;;;
"""학부모 교권침해 매년 늘어도 대응 속수무책"" | 서울특별시 미디어재단 ... - TBS뉴스";https://news.google.com/rss/articles/CBMiUGh0dHBzOi8vdGJzLnNlb3VsLmtyL25ld3MvbmV3c1ZpZXcuZG8_dHlwXzgwMD03JmlkeF84MDA9MzQ5NDgwMiZzZXFfODAwPTIwNDg3NDYz0gEA?oc=5;2023-04-20 07:00:00;True;https://tbs.seoul.kr/news/newsView.do?typ_800=7&idx_800=3494802&seq_800=20487463;;;;;;;;;
'교권 강화' 제도화 급물살...학생인권조례는 폐지 수순 - YTN;https://news.google.com/rss/articles/CBMiMWh0dHBzOi8vd3d3Lnl0bi5jby5rci9fbG4vMDEwM18yMDIzMDQxNzE4MjY0MzU0MTLSAUNodHRwczovL20ueXRuLmNvLmtyL25ld3Nfdmlldy5hbXAucGhwP3BhcmFtPTAxMDNfMjAyMzA0MTcxODI2NDM1NDEy?oc=5;2023-04-17 07:00:00;True;https://www.ytn.co.kr/_ln/0103_202304171826435412;;;;;;;;;
윤석열 정부의 교권 강화: 학생과 교사 사이의 갈등만 키우는 통제 강화 ... - 노동자 연대;https://news.google.com/rss/articles/CBMiIWh0dHBzOi8vd3NwYXBlci5vcmcvYXJ0aWNsZS8yOTI0OdIBAA?oc=5;2023-04-07 07:00:00;True;https://wspaper.org/article/29249;;;;;;;;;
띵동! '교권 강화' 피자가 도착했습니다! - 뉴닉;https://news.google.com/rss/articles/CBMiH2h0dHBzOi8vbmV3bmVlay5jby9wb3N0L1RxRklZUS_SAQA?oc=5;2023-03-29 07:00:00;True;https://newneek.co/post/TqFIYQ/;;;;;;;;;
교권보호와 학생인권, 상충되는 게 아니다 - 한국일보;https://news.google.com/rss/articles/CBMiOmh0dHBzOi8vd3d3Lmhhbmtvb2tpbGJvLmNvbS9OZXdzL1JlYWQvQTIwMjMwMzIzMTQxNjAwMDUxNzLSAQA?oc=5;2023-03-24 07:00:00;True;https://www.hankookilbo.com/News/Read/A2023032314160005172;;;;;;;;;
책상에 드러눕거나 자리 무단이탈…수업 방해해도 '교권 침해' - 한겨레;https://news.google.com/rss/articles/CBMiOmh0dHBzOi8vd3d3LmhhbmkuY28ua3IvYXJ0aS9zb2NpZXR5L3NjaG9vbGluZy8xMDg0NjUzLmh0bWzSAQA?oc=5;2023-03-22 07:00:00;True;https://www.hani.co.kr/arti/society/schooling/1084653.html;;;;;;;;;
"'전북교육인권조례' 엇갈린 시각...전북교육청 ""교권보호"" vs 전교조 ... - 교육플러스";https://news.google.com/rss/articles/CBMiN2h0dHBzOi8vd3d3LmVkcGwuY28ua3IvbmV3cy9hcnRpY2xlVmlldy5odG1sP2lkeG5vPTg2MzXSAQA?oc=5;2023-03-21 07:00:00;True;https://www.edpl.co.kr/news/articleView.html?idxno=8635;;;;;;;;;
[서산] 학생 인권과 교권은 대립되는가… 해답은? - 오마이뉴스;https://news.google.com/rss/articles/CBMiRGh0dHBzOi8vd3d3Lm9obXluZXdzLmNvbS9OV1NfV2ViL1ZpZXcvYXRfcGcuYXNweD9DTlROX0NEPUEwMDAyOTExMTAx0gFCaHR0cHM6Ly9tLm9obXluZXdzLmNvbS9OV1NfV2ViL01vYmlsZS9hbXAuYXNweD9DTlROX0NEPUEwMDAyOTExMTAx?oc=5;2023-03-18 07:00:00;True;https://www.ohmynews.com/NWS_Web/View/at_pg.aspx?CNTN_CD=A0002911101;;;;;;;;;
"""교권침해 학생 기록 작성·보존 법률로 의무화""...조경태 '교원지위법 ... - 교육플러스";https://news.google.com/rss/articles/CBMiN2h0dHBzOi8vd3d3LmVkcGwuY28ua3IvbmV3cy9hcnRpY2xlVmlldy5odG1sP2lkeG5vPTg1NTDSAQA?oc=5;2023-03-14 07:00:00;True;https://www.edpl.co.kr/news/articleView.html?idxno=8550;;;;;;;;;
학생·학부모는 ‘손찌검’ 교장은 ‘성희롱’…무너지는 교권 [박명원의 사건수첩] - 세계일보;https://news.google.com/rss/articles/CBMiJ2h0dHBzOi8vbS5zZWd5ZS5jb20vdmlldy8yMDIzMDMxMDUxNTEyNNIBKmh0dHBzOi8vbS5zZWd5ZS5jb20vYW1wVmlldy8yMDIzMDMxMDUxNTEyNA?oc=5;2023-03-11 08:00:00;True;https://m.segye.com/view/20230310515124;;;;;;;;;
[PD수첩] 무너지는 교권, 아동학대 혐의로 고소당한 선생님들 - MBC뉴스;https://news.google.com/rss/articles/CBMiRGh0dHBzOi8vaW1uZXdzLmltYmMuY29tL25ld3MvMjAyMy9zb2NpZXR5L2FydGljbGUvNjQ2MTk3NV8zNjEyNi5odG1s0gFEaHR0cHM6Ly9pbW5ld3MuaW1iYy5jb20vbmV3cy8yMDIzL3NvY2lldHkvYXJ0aWNsZS82NDYxOTc1XzM2MTI3Lmh0bWw?oc=5;2023-03-07 08:00:00;True;https://imnews.imbc.com/news/2023/society/article/6461975_36126.html;;;;;;;;;
[학생인권조례 10년] ② 무너진 교권에 교육 현장은 '아우성' - 연합뉴스;https://news.google.com/rss/articles/CBMiL2h0dHBzOi8vd3d3LnluYS5jby5rci92aWV3L0FLUjIwMjMwMjI4MDk0NjAwMDU10gExaHR0cHM6Ly9tLnluYS5jby5rci9hbXAvdmlldy9BS1IyMDIzMDIyODA5NDYwMDA1NQ?oc=5;2023-03-02 08:00:00;True;https://www.yna.co.kr/view/AKR20230228094600055;;;;;;;;;
[교육칼럼] 교권 침해와 담임 기피·보직 외면 - 경북일보;https://news.google.com/rss/articles/CBMiPmh0dHBzOi8vd3d3Lmt5b25nYnVrLmNvLmtyL25ld3MvYXJ0aWNsZVZpZXcuaHRtbD9pZHhubz0yMTI0MTY20gEA?oc=5;2023-02-14 08:00:00;True;https://www.kyongbuk.co.kr/news/articleView.html?idxno=2124166;;;;;;;;;
추락하는 교권, 날개는 없을까 - 경남신문;https://news.google.com/rss/articles/CBMiOmh0dHA6Ly93d3cua25uZXdzLmNvLmtyL25ld3MvYXJ0aWNsZVZpZXcucGhwP2lkeG5vPTEzOTY0NTjSAQA?oc=5;2023-02-07 08:00:00;True;http://www.knnews.co.kr/news/articleView.php?idxno=1396458;;;;;;;;;
[송미나 칼럼] 교권, 교사와 학생의 힘의 균형을 찾아야 한다 - 교육플러스;https://news.google.com/rss/articles/CBMiN2h0dHBzOi8vd3d3LmVkcGwuY28ua3IvbmV3cy9hcnRpY2xlVmlldy5odG1sP2lkeG5vPTgyMjjSAQA?oc=5;2023-01-29 08:00:00;True;https://www.edpl.co.kr/news/articleView.html?idxno=8228;;;;;;;;;
"윤건영 교육감이 던진 교권확보책… ""학부모는 선생님을 존중합니다"" - 교육플러스";https://news.google.com/rss/articles/CBMiN2h0dHBzOi8vd3d3LmVkcGwuY28ua3IvbmV3cy9hcnRpY2xlVmlldy5odG1sP2lkeG5vPTgxNzHSAQA?oc=5;2023-01-23 08:00:00;True;https://www.edpl.co.kr/news/articleView.html?idxno=8171;;;;;;;;;
[전재학 칼럼] 교권침해, 더 방치해선 안돼 - 교육플러스;https://news.google.com/rss/articles/CBMiN2h0dHBzOi8vd3d3LmVkcGwuY28ua3IvbmV3cy9hcnRpY2xlVmlldy5odG1sP2lkeG5vPTgxNDDSAQA?oc=5;2023-01-18 08:00:00;True;https://www.edpl.co.kr/news/articleView.html?idxno=8140;;;;;;;;;
[포켓이슈] 교권 추락의 해결책이 생활기록부? - 연합뉴스;https://news.google.com/rss/articles/CBMiL2h0dHBzOi8vd3d3LnluYS5jby5rci92aWV3L01ZSDIwMjMwMTA0MDEwODAwNzk30gExaHR0cHM6Ly9tLnluYS5jby5rci9hbXAvdmlldy9NWUgyMDIzMDEwNDAxMDgwMDc5Nw?oc=5;2023-01-06 08:00:00;True;https://www.yna.co.kr/view/MYH20230104010800797;;;;;;;;;
"교육부 교권침해 대응 강화 방안에 교원3단체 반응은?...""보완과 협의 ... - 교육플러스";https://news.google.com/rss/articles/CBMiN2h0dHBzOi8vd3d3LmVkcGwuY28ua3IvbmV3cy9hcnRpY2xlVmlldy5odG1sP2lkeG5vPTc5NjfSAQA?oc=5;2022-12-28 08:00:00;True;https://www.edpl.co.kr/news/articleView.html?idxno=7967;;;;;;;;;
[지금, 여기] 교권과 학생 인권은 반대말이 아니다 - 경향신문;https://news.google.com/rss/articles/CBMiLGh0dHBzOi8vbS5raGFuLmNvLmtyL2FydGljbGUvMjAyMjEyMTIwMzAwMDY10gE_aHR0cHM6Ly9tLmtoYW4uY28ua3Ivb3Bpbmlvbi9jb2x1bW4vYXJ0aWNsZS8yMDIyMTIxMjAzMDAwNjUvYW1w?oc=5;2022-12-12 08:00:00;True;https://m.khan.co.kr/article/202212120300065;;;;;;;;;
"""교권침해 학생 생기부 기록, 심리치료 등 미이행 시 과태료 300만원 ... - 교육플러스";https://news.google.com/rss/articles/CBMiN2h0dHBzOi8vd3d3LmVkcGwuY28ua3IvbmV3cy9hcnRpY2xlVmlldy5odG1sP2lkeG5vPTc2NzfSAQA?oc=5;2022-11-30 08:00:00;True;https://www.edpl.co.kr/news/articleView.html?idxno=7677;;;;;;;;;
[무너진 교권 이대로 좋은가?] (상) 실태 : 맞고 욕듣고 신고당하기 일쑤 - 전북일보;https://news.google.com/rss/articles/CBMiKmh0dHBzOi8vd3d3LmpqYW4ua3IvYXJ0aWNsZS8yMDIyMTAxNzU4MDIzONIBLWh0dHBzOi8vd3d3LmpqYW4ua3IvYXJ0aWNsZUFtcC8yMDIyMTAxNzU4MDIzOA?oc=5;2022-10-17 07:00:00;True;https://www.jjan.kr/article/20221017580238;;;;;;;;;
